Cluster,FIPS Code
0,28031
0,13307
0,48305
0,48465
0,15005
0,51173
0,47013
0,13003
0,1027
0,21193
0,13157
0,1119
0,28147
0,48249
0,12049
0,47181
0,13125
0,21065
0,21237
0,47045
0,1105
0,21121
0,21125
0,21131
0,21169
0,21053
0,13133
0,51720
0,51141
0,48165
0,1037
0,13239
0,47039
0,48317
0,47067
0,28157
0,51111
0,29133
0,21087
0,47075
0,21189
0,28057
0,21207
0,22009
0,45061
0,28139
0,21099
0,28053
0,1023
0,29181
0,1065
0,1133
0,28009
0,21135
0,5127
0,48283
0,48095
0,47185
0,22035
0,1059
0,47135
0,22065
0,54059
0,21129
0,48229
0,48127
0,13061
0,1005
0,13037
0,28079
0,28141
0,37185
0,13213
0,48489
0,21051
0,45069
0,29221
0,28107
0,28015
0,47151
0,48463
0,38047
0,47169
0,54047
0,21115
0,28027
0,13149
0,21069
0,21025
0,28083
0,51135
0,51089
0,5021
0,51025
0,21183
0,13007
0,13155
0,13271
0,47101
0,45005
0,21001
0,28119
0,1007
0,51167
0,21133
0,48247
0,47153
0,28135
0,28117
0,47121
0,1011
0,1093
0,5073
0,13289
0,13107
0,21011
0,51083
0,51037
0,47007
0,21147
0,37121
0,29143
0,48369
0,54043
0,21165
0,5147
0,21061
0,21109
0,47139
0,47023
0,13301
0,48479
0,47061
0,21013
0,13123
0,38083
0,51051
0,21095
0,21231
0,48109
0,47095
0,46089
0,21201
0,28063
0,13165
0,48427
0,21003
0,29065
0,48389
0,39075
0,22039
0,45025
0,51035
0,47133
0,45027
0,13193
0,37123
0,21045
0,48107
0,1049
0,22025
0,48323
0,48271
0,21085
0,47041
0,13233
0,51195
0,28163
0,37131
0,21235
0,47099
0,47123
0,45033
0,12027
0,47027
0,13141
0,21119
0,28051
0,28103
0,1041
0,1111
0,48507
0,29123
0,13259
0,28133
0,21203
0,29179
0,48047
0,1017
0,51077
0,54101
0,13315
0,13083
0,13099
0,21063
0,47057
0,5077
0,13043
0,21195
0,51027
0,5121
0,21031
0,54045
0,21171
0,5017
0,37093
0,13055
0,51105
0,47115
0,47029
0,5107
0,1019
0,47087
0,13199
0,1035
0,48215
0,47175
0,13093
0,6025
0,5075
0,5111
0,48163
0,13065
0,21153
0,48061
0,48101
0,48131
0,48255
0,47097
0,51169
0,48377
0,29223
0,22123
0,28143
0,21137
0,1013
0,37005
0,47173
0,29069
0,48115
0,1131
0,28125
0,22099
0,48017
0,37083
0,28123
0,51029
0,13119
0,21159
0,51183
0,54015
0,5129
0,5123
0,54109
0,22041
0,47091
0,13253
0,21075
0,22083
0,13293
0,47111
0,21043
0,13269
0,28093
0,45065
0,47025
0,28017
0,1063
0,48123
0,47137
0,1075
0,29155
0,13163
0,13265
0,21219
0,13273
0,5067
0,13105
0,21057
0,22001
0,28013
0,4001
0,48261
0,51640
0,21009
0,13243
0,28007
0,29017
0,47049
0,38051
0,13173
0,13283
0,21079
0,47083
0,21175
0,21197
0,48505
0,1029
0,28055
0,21205
0,51081
0,47069
0,21127
0,5095
0,28011
0,21071
0,13167
0,22007
0,37193
1,48407
1,47183
1,18087
1,28069
1,13085
1,51131
1,40015
1,48151
1,37169
1,29119
1,48379
1,21017
1,13027
1,21161
1,45021
1,1043
1,18143
1,28039
1,8021
1,21083
1,51009
1,54013
1,13159
1,47129
1,48495
1,18079
1,22077
1,51033
1,48493
1,51063
1,47079
1,22113
1,54089
1,13297
1,47155
1,5079
1,12093
1,22027
1,13075
1,12123
1,29215
1,22119
1,38029
1,12059
1,22043
1,21029
1,13019
1,13201
1,54055
1,54065
1,54085
1,29229
1,54075
1,21139
1,24039
1,51113
1,17025
1,37173
1,22101
1,13317
1,1071
1,48253
1,51091
1,28065
1,13249
1,54063
1,5025
1,12037
1,21123
1,21033
1,13047
1,48437
1,46137
1,22045
1,40033
1,13005
1,13255
1,24510
1,8023
1,21229
1,22029
1,28019
1,13211
1,13267
1,40085
1,22059
1,47055
1,1079
1,28137
1,40061
1,51007
1,18025
1,5013
1,47147
1,55041
1,17065
1,47063
1,29105
1,48371
1,5117
1,29059
1,22105
1,13237
1,13023
1,12121
1,21103
1,37153
1,26085
1,48217
1,39105
1,29039
1,40095
1,26051
1,13069
1,48457
1,48055
1,13079
1,22037
1,21107
1,45031
1,46043
1,13175
1,28129
1,29067
1,13111
1,28043
1,48461
1,37145
1,5133
1,21233
1,47167
1,37199
1,2164
1,12119
1,13285
1,22097
1,1121
1,51181
1,37039
1,51147
1,51071
1,42109
1,48069
1,22047
1,13251
1,40023
1,45087
1,26141
1,28161
1,5081
1,54031
1,37007
1,48467
1,48419
1,12045
1,13275
1,45071
1,13319
1,48177
1,22093
1,39001
1,29149
1,5029
1,54053
1,40057
1,48241
1,12041
1,47059
1,13049
1,54027
1,21049
1,5135
1,5087
1,2158
1,47081
1,51097
1,48455
1,13235
1,28077
1,1067
1,48117
1,45067
1,48315
1,48149
1,45001
1,1129
1,37065
1,21177
1,54081
1,28151
1,22067
1,37181
1,48293
1,5137
1,13291
1,21215
1,13137
1,40127
1,13299
1,40089
1,48225
1,54083
1,51159
1,37085
1,22111
1,28037
1,1057
1,13025
1,29153
1,51175
1,47017
1,35051
1,37033
1,29131
1,5099
1,22031
1,37009
1,13205
1,13287
1,5063
1,21173
1,12067
1,13013
1,40001
1,47047
1,28159
1,22013
1,5071
1,47103
1,22125
1,51185
1,37069
1,13229
1,35029
1,51193
1,37157
1,1109
1,54067
1,21081
1,5083
1,1047
1,37091
1,13209
1,51109
1,40029
1,48145
1,54023
1,47043
1,5089
1,51001
1,48111
1,28127
1,22075
1,45039
1,21223
1,21089
1,5047
1,12063
1,48079
1,48405
1,51117
1,13147
1,51036
1,18047
1,51053
1,47073
1,37075
1,5033
1,48353
1,37197
1,1053
1,1025
1,39145
1,21187
1,39079
1,29035
1,37095
1,13217
1,22081
1,48301
1,5059
1,45009
1,17191
1,13241
1,48291
1,51530
1,47051
1,47105
1,17013
1,28005
1,48093
1,40005
1,51125
1,51595
1,5055
1,48387
1,5065
1,35019
1,47171
1,22109
1,13181
1,37155
1,37027
1,47107
1,37161
1,45017
1,47077
1,5093
1,13033
1,21021
1,13101
1,5035
1,48153
1,13231
1,48051
1,37023
1,48137
1,55078
1,37177
1,40135
1,48337
1,5141
1,28025
1,5037
1,1115
1,13295
1,51163
1,22057
1,21055
1,48313
1,17003
1,40141
1,5041
1,47005
1,48169
1,17059
1,37163
1,48327
1,21039
1,29023
1,37117
1,54005
1,29207
1,28097
1,12107
1,40107
1,37003
1,51079
1,37073
1,45081
1,13189
1,13143
1,12043
1,54087
1,13191
1,48263
1,51143
1,13279
1,48147
1,22107
1,47127
1,45089
1,28115
1,48403
1,54017
1,29091
1,28029
1,29055
1,54071
1,13221
1,51197
1,28003
1,12007
1,51011
1,37111
1,13257
1,48383
1,5049
1,45059
1,28111
1,13045
1,37143
1,1085
1,48351
1,18101
1,54041
1,48223
1,48325
1,5023
1,2188
1,35059
1,48333
1,40063
1,48287
1,39047
1,45029
1,39053
1,21221
1,13131
1,47015
1,37187
1,48399
1,13109
1,47109
1,13313
1,21023
1,22121
1,17069
1,37165
1,5105
1,54001
1,48089
1,5061
1,29186
1,47033
1,48331
1,45037
1,28061
1,26011
1,48445
1,37017
1,28041
1,21041
1,5091
1,22117
1,51171
1,54019
1,45023
1,51067
1,28099
1,5001
1,48125
1,29139
1,13017
1,17157
1,35011
1,54035
1,29141
1,1107
1,12013
1,45049
1,29015
1,28153
1,29157
1,5039
1,51049
1,54021
1,54025
1,21097
1,29085
1,51139
1,48275
1,22003
1,40067
1,13227
1,21213
1,28113
1,18117
1,40049
1,13015
1,42057
1,13305
1,1091
1,51021
1,17153
1,22091
1,28145
1,13303
1,35031
1,37079
1,45057
1,18041
1,1127
1,54077
1,29125
1,13009
1,22021
1,1061
1,5097
1,48075
1,22049
1,45011
1,13161
1,13281
1,34011
1,51515
1,47035
1,18125
1,29203
1,54093
1,13081
1,2050
1,13309
1,47019
1,5057
1,12047
1,22023
1,47053
1,12051
1,12133
1,51580
1,37047
1,13195
1,1021
1,48155
1,48239
1,47131
1,54099
1,13129
1,51165
1,28095
1,21155
1,48279
1,42101
1,5011
1,5149
1,13197
1,29151
1,21007
1,37061
1,13011
1,48285
1,13321
1,37015
1,26129
1,22053
1,47177
1,13263
1,12039
1,28091
1,54007
1,48185
1,47161
1,37043
1,12075
1,47117
1,39015
1,21077
1,13183
1,47071
1,37103
1,29171
1,48197
1,21217
1,37151
1,39163
1,13187
1,37167
1,37171
1,18149
1,36005
1,21199
1,29187
1,21181
1,5003
1,21149
1,4023
1,13091
1,48193
1,39131
1,24019
1,47003
1,28023
1,48335
1,21027
1,29093
1,26083
1,12029
1,48207
1,48013
1,48411
1,12079
1,21191
1,48083
1,47021
1,47085
1,5101
1,21167
1,54097
1,5109
1,48433
1,48395
1,47143
1,12003
1,51155
1,1009
1,22127
1,13035
1,13223
1,5145
1,21105
1,28155
1,1113
1,5113
1,16073
1,48105
1,21143
1,13171
1,47159
1,1039
1,47089
1,12077
1,13087
1,1099
1,48191
1,29185
1,29073
1,21141
1,45053
1,46017
1,22085
1,35033
1,5043
1,1123
1,37115
1,13071
1,48373
1,48345
1,29201
1,46031
1,51590
1,13001
2,48087
2,12086
2,1031
2,29167
2,37013
2,37001
2,48119
2,48005
2,48321
2,48023
2,28149
2,48053
2,48501
2,48471
2,48281
2,48227
2,30003
2,13207
2,47163
2,46095
2,47011
2,46121
2,5085
2,40097
2,41045
2,5115
2,46087
2,51690
2,40025
2,12069
2,8099
2,47179
2,38031
2,38055
2,6037
2,17087
2,48449
2,28087
2,6115
2,5019
2,53025
2,17193
2,2070
2,44007
2,48025
2,4009
2,37071
2,54011
2,40077
2,36047
2,29175
2,48267
2,20209
2,37137
2,35039
2,12083
2,6011
2,37019
2,46037
2,1033
2,26163
2,21035
2,6103
2,51099
2,37113
2,47065
2,17145
2,48037
2,45083
2,37109
2,51069
2,29213
2,13311
2,45085
2,37029
2,46067
2,48143
2,20203
2,16047
2,37099
2,31057
2,48141
2,48233
2,51023
2,46115
2,35017
2,4012
2,21227
2,40069
2,10001
2,30079
2,22073
2,21101
2,6049
2,48307
2,46023
2,47165
2,46057
2,5103
2,48481
2,46003
2,46129
2,4017
2,1055
2,48219
2,38005
2,5143
2,35015
2,37035
2,48015
2,13139
2,16075
2,17163
2,37045
2,27125
2,46041
2,37107
2,1103
2,51145
2,20195
2,46071
2,38013
2,35053
2,17055
2,22071
2,13177
2,48365
2,36039
2,35055
2,51103
2,22079
2,45077
2,48451
2,47001
2,28075
2,48425
2,6021
2,5015
2,12023
2,51133
2,40113
2,28021
2,48347
2,13215
2,38023
2,48473
2,48033
2,37101
2,27151
2,48391
2,37011
2,53077
2,51670
2,28131
2,1087
2,20069
2,17199
2,4027
2,48497
2,6101
2,38049
2,51005
2,48243
2,8089
2,5027
2,40091
2,48447
2,48159
2,1095
2,38063
2,48341
2,48231
2,5045
2,6107
2,13021
2,48355
2,24047
2,38019
2,48187
2,49037
2,40123
2,37191
2,13277
2,54037
2,38041
2,21037
2,34031
2,5131
2,34013
2,9015
2,48417
2,12125
2,40083
2,6099
2,46123
2,38043
2,6015
2,35003
2,48421
2,16053
2,48237
2,37077
2,35041
2,13185
2,48469
2,48045
2,38057
2,27113
2,1003
2,29097
2,27119
2,51191
2,40125
2,27107
2,13225
2,38085
2,51620
2,28101
2,18043
2,38059
2,12105
2,45047
2,40115
2,38021
2,12065
2,40075
2,46045
2,20165
2,35021
2,51800
2,38103
2,28085
2,30085
2,27111
2,48375
2,2013
2,20055
2,27089
2,20019
2,4007
2,40133
2,23003
2,30109
2,46061
2,51047
2,37041
2,51137
2,17005
2,46009
2,37179
2,36033
2,21047
2,40121
2,45055
2,48003
2,48135
2,29027
2,40051
2,21157
2,17081
2,48431
2,37105
2,37057
2,48273
2,48435
2,48297
2,40087
2,5139
2,48211
2,6031
2,48235
2,8109
2,20175
2,48173
2,45003
2,28073
2,29161
2,40111
2,28045
2,48139
2,46091
2,21145
2,41027
2,28109
2,38065
2,40149
2,1051
2,51710
2,48251
2,34017
2,21209
2,48073
2,27033
2,4015
2,45073
2,35007
2,24015
2,47141
2,38079
2,35013
2,48049
2,17181
2,47009
2,48031
2,48309
2,48189
2,28033
2,38007
2,29071
2,51790
2,48401
2,16077
2,48171
2,40013
2,30005
2,46105
2,48357
2,5051
2,13145
2,48499
2,48277
2,37195
2,46097
2,48257
2,8087
2,8025
2,51019
2,47145
2,37059
2,48063
2,28067
2,6029
2,48195
2,48179
2,32009
2,48475
2,21019
2,28081
2,47031
2,16045
2,13245
2,27121
2,37141
2,48067
2,5009
2,37149
2,40035
2,13031
2,17165
2,12111
2,48071
2,27087
2,34001
2,40021
2,13095
2,48503
2,30037
2,48415
2,48035
2,28001
2,17189
2,53013
2,38045
2,51093
2,13261
2,40009
2,53039
2,5069
2,8009
2,51075
2,48487
2,35005
2,40137
2,13077
2,40055
2,51730
2,38087
2,13117
2,51520
2,40019
2,51820
2,38025
2,48001
2,4021
2,5031
2,48007
2,47113
2,27029
2,48029
2,38053
2,40101
2,46107
2,48203
2,53021
2,22069
2,27105
2,17031
2,1015
2,51840
2,36081
2,51065
2,12017
2,48319
2,35025
2,51740
2,48343
2,51760
2,51101
2,48021
2,51119
2,48299
2,48057
2,1083
2,37147
2,48477
2,22055
2,8071
2,48363
2,1069
2,1125
2,48129
2,48349
2,38027
2,46021
2,38001
2,8055
2,46073
2,53019
2,48081
2,1001
2,51157
2,2185
2,29510
2,37025
2,51127
2,8105
2,38039
2,28035
2,38091
2,48429
2,46109
2,2180
2,45041
2,37175
2,37139
2,45007
2,19167
2,1097
2,37159
2,48213
2,6077
2,38095
2,8011
2,35047
2,6019
2,12055
2,51770
2,36105
2,6069
2,16067
2,48443
2,48459
2,46102
2,37087
2,48161
2,27069
2,17027
2,48409
2,45075
2,51680
2,48059
2,46007
2,29159
2,17151
2,45091
2,35045
2,48413
2,21113
2,37037
2,48097
2,48181
2,1077
2,48103
2,38099
2,54039
2,37097
2,46049
2,16027
2,6033
2,37053
2,24045
2,40099
2,48133
2,40041
2,38037
2,53047
2,45045
2,5005
2,25005
2,31061
2,48077
2,47119
2,6039
2,48385
2,27159
2,48175
2,48311
2,6047
2,12101
2,38069
2,22019
2,47189
2,16031
2,51630
2,51115
2,51057
2,45043
2,37127
2,20049
2,17127
2,12131
2,53001
2,51187
2,29145
2,51031
2,40079
2,48483
2,46069
2,26159
2,27005
2,13115
2,30035
2,21151
3,27017
3,20073
3,20059
3,19145
3,55069
3,39129
3,20131
3,39115
3,55121
3,27155
3,42035
3,55117
3,22011
3,46077
3,18183
3,31053
3,31103
3,20201
3,16087
3,46025
3,31009
3,26069
3,42043
3,19179
3,19061
3,35023
3,29041
3,36009
3,55053
3,42007
3,24043
3,19133
3,17085
3,39109
3,19093
3,55119
3,26113
3,39123
3,17187
3,18019
3,42005
3,18023
3,39029
3,36095
3,54009
3,18061
3,24011
3,19111
3,51045
3,13103
3,29013
3,42033
3,29053
3,26057
3,46127
3,42071
3,26133
3,42105
3,36057
3,17101
3,34033
3,27165
3,40059
3,50011
3,42039
3,17021
3,22087
3,31107
3,39137
3,40037
3,32015
3,40043
3,31151
3,20027
3,27153
3,17053
3,42069
3,39031
3,20003
3,29103
3,17173
3,39127
3,20041
3,48009
3,31163
3,19045
3,18051
3,29177
3,50009
3,19043
3,42037
3,42099
3,39033
3,18131
3,42103
3,42015
3,29045
3,36075
3,39089
3,20167
3,17071
3,42019
3,39135
3,17141
3,21163
3,27049
3,54057
3,42063
3,18171
3,31003
3,19077
3,5053
3,39051
3,30061
3,17049
3,17129
3,19157
3,26135
3,42067
3,31131
3,18121
3,29057
3,51685
3,19005
3,26023
3,29227
3,39059
3,17105
3,19089
3,55017
3,19091
3,17133
3,54049
3,42061
3,27063
3,18075
3,55071
3,54079
3,18017
3,27173
3,32027
3,42081
3,19105
3,31181
3,18181
3,29137
3,19123
3,27101
3,46119
3,39097
3,18099
3,31089
3,29107
3,27091
3,18037
3,29061
3,30033
3,31027
3,19067
3,19139
3,26071
3,18035
3,46059
3,29147
3,27065
3,27059
3,39071
3,20127
3,26131
3,19161
3,31095
3,27095
3,27127
3,27015
3,55027
3,19071
3,18155
3,18129
3,54107
3,54091
3,17051
3,42125
3,19019
3,42133
3,39171
3,8017
3,55023
3,26095
3,19177
3,55099
3,42011
3,27093
3,29163
3,20077
3,26005
3,18015
3,27023
3,8033
3,20021
3,19183
3,18029
3,17015
3,20085
3,19131
3,27115
3,36097
3,17017
3,55105
3,39013
3,18071
3,40093
3,31059
3,29225
3,17121
3,20163
3,30089
3,39067
3,18073
3,17091
3,55013
3,27071
3,18039
3,55037
3,31125
3,20205
3,26105
3,35037
3,17041
3,18169
3,36049
3,18091
3,18115
3,46051
3,55067
3,18165
3,36025
3,18175
3,42065
3,20013
3,17183
3,31123
3,17195
3,19175
3,29087
3,18049
3,22005
3,31071
3,23029
3,30007
3,31039
3,19009
3,55045
3,46101
3,55113
3,50019
3,42023
3,31169
3,26053
3,54073
3,29117
3,16079
3,18053
3,31017
3,18055
3,41013
3,21211
3,29049
3,19155
3,19165
3,21091
3,27097
3,24029
3,29081
3,30023
3,39157
3,51017
3,29135
3,40103
3,19065
3,17039
3,39161
3,20017
3,31173
3,26117
3,12129
3,26001
3,42051
3,22063
3,27129
3,17057
3,30107
3,27079
3,19159
3,31147
3,18009
3,19017
3,19173
3,32021
3,27073
3,55047
3,17135
3,29005
3,17083
3,18085
3,27075
3,26043
3,17155
3,19035
3,29009
3,42001
3,18135
3,29197
3,18013
3,46039
3,19075
3,49017
3,46085
3,23021
3,18179
3,31063
3,10005
3,29111
3,55051
3,30065
3,17045
3,18077
3,19037
3,27143
3,29025
3,55103
3,31093
3,20031
3,26151
3,29089
3,17131
3,19007
3,39101
3,39151
3,39043
3,17177
3,39003
3,55061
3,23001
3,13097
3,31133
3,20197
3,23017
3,20117
3,29199
3,26157
3,42129
3,39087
3,19129
3,40117
3,31175
3,20149
3,31097
3,26165
3,17061
3,29211
3,42013
3,55073
3,31121
3,18151
3,39027
3,26003
3,42093
3,29075
3,51560
3,39039
3,39175
3,54029
3,20129
3,55115
3,42115
3,55091
3,39111
3,49001
3,55065
3,26127
3,18083
3,39099
3,42117
3,48289
3,29219
3,29109
3,17149
3,2201
3,17117
3,54105
3,19023
3,55019
3,55001
3,22095
3,39083
3,29043
3,20005
3,42021
3,19099
3,19135
3,54103
3,26097
3,16003
3,31021
3,18153
3,39007
3,29205
3,46053
3,39093
3,17171
3,42049
3,17007
3,17175
3,20121
3,42085
3,19055
3,18065
3,42089
3,39119
3,54095
3,19095
3,42053
3,26153
3,31115
3,55055
3,36123
3,41023
3,46125
3,36043
3,21059
3,39069
3,42111
3,18021
3,27133
3,55075
3,17079
3,29209
3,31035
3,39091
3,18161
3,27043
3,39005
3,19121
3,34029
3,18109
3,55031
3,55129
3,17009
3,18089
3,21005
3,42131
3,18045
3,5125
3,20139
3,17137
3,4011
3,39149
3,55141
3,17035
3,20107
3,26149
3,39117
3,19053
3,26119
3,19141
3,29099
3,29011
3,19025
3,42087
3,35006
3,42083
3,26063
3,39139
3,31043
3,29021
3,27117
3,18145
3,26033
3,18111
3,29129
3,27045
3,40073
3,19185
3,12053
3,55005
3,19107
3,55087
3,13169
3,39045
3,19149
3,38081
3,19191
3,55003
3,18137
3,24023
3,19001
3,46029
3,50005
3,17011
3,19047
3,26009
3,18103
3,42079
3,40105
3,8029
3,55083
3,55107
3,39077
3,19137
3,42073
3,8115
3,30053
3,22115
3,20183
3,29007
3,20147
3,19073
3,26079
3,42113
3,54003
3,42059
3,18069
3,31077
3,8125
3,39025
3,18007
3,40129
3,18107
3,55057
3,55015
3,55095
3,40011
3,42075
3,31139
3,19171
3,19085
3,30025
3,19051
3,55021
3,27135
3,17169
3,27085
3,39167
3,41069
3,16009
3,21179
3,26035
3,26013
3,29113
3,42121
3,39169
3,20191
3,29121
3,8061
3,19039
3,23025
3,20043
3,27047
3,18159
3,26123
3,27081
3,42119
3,19115
3,18123
3,55043
3,13029
3,29217
3,29063
3,33007
3,33019
3,19031
3,19097
3,48199
3,18027
3,36115
3,54051
3,19003
3,13151
3,17033
3,39147
3,19125
3,39155
3,36017
3,19143
3,36035
3,42095
3,26109
3,29195
3,42031
3,17139
3,20141
3,42055
3,29029
3,31129
3,39073
3,31011
3,26059
3,36121
3,42123
3,35057
3,40045
3,16021
3,27099
3,17099
3,18031
3,51015
3,36073
3,42097
3,19117
3,29033
3,42047
3,18133
3,20207
3,31051
3,17123
3,36089
3,39159
3,20115
3,18119
3,26031
3,39107
3,32019
3,55135
3,26101
3,42127
3,16035
3,42009
3,39065
3,39019
3,40081
3,27025
3,31041
3,29173
3,39143
3,31047
3,39081
3,19029
3,26027
3,17107
3,31091
3,39011
3,26067
3,19119
3,55077
3,27171
3,55081
3,55123
3,17075
3,54033
3,26015
3,29079
3,55137
3,27021
3,18147
3,24001
3,55111
3,17047
3,48361
3,31067
3,40153
3,18001
3,55039
3,39037
3,39125
3,18177
3,27011
3,21225
3,39021
3,17073
3,29127
3,18139
3,19027
3,39141
3,29083
3,20087
3,42107
3,31023
3,18095
3,19011
3,26143
3,18033
3,27051
3,39121
3,53049
3,18093
3,27001
3,18113
3,55011
3,29003
3,31013
3,12089
3,23027
3,39023
3,17125
3,31037
3,42025
3,27157
3,29115
3,55049
3,17023
3,31015
4,41000
4,56015
4,51085
4,41019
4,20187
4,31145
4,31073
4,48099
4,50013
4,46111
4,16017
4,36101
4,23009
4,36111
4,38073
4,19021
4,30087
4,27083
4,30093
4,18127
4,20063
4,34005
4,2290
4,39165
4,36083
4,31105
4,32003
4,53059
4,9011
4,20089
4,19057
4,48485
4,20189
4,22051
4,27131
4,20109
4,20075
4,48183
4,20193
4,30057
4,6071
4,20185
4,30027
4,27019
4,12033
4,30001
4,27169
4,20035
4,47149
4,40065
4,46075
4,33001
4,51149
4,41071
4,27167
4,41021
4,12099
4,20171
4,36041
4,8121
4,46055
4,32031
4,31155
4,31065
4,30015
4,20033
4,55093
4,13179
4,12019
4,24035
4,51073
4,30039
4,27031
4,48393
4,26007
4,56037
4,31135
4,49013
4,17063
4,18059
4,30059
4,46019
4,8043
4,30017
4,20133
4,56019
4,31079
4,17029
4,37049
4,20099
4,37021
4,22015
4,31183
4,8085
4,49027
4,45063
4,20151
4,21111
4,18067
4,53003
4,27149
4,31137
4,20079
4,48091
4,49053
4,16063
4,38097
4,19147
4,12095
4,55007
4,19193
4,26047
4,8103
4,13039
4,26041
4,20065
4,53023
4,51061
4,35027
4,18011
4,55059
4,35061
4,17095
4,12021
4,30097
4,6023
4,39017
4,30011
4,19079
4,30045
4,19163
4,30029
4,24009
4,18141
4,17185
4,26147
4,31031
4,55109
4,6093
4,27103
4,31075
4,2122
4,20123
4,31101
4,17167
4,29095
4,41017
4,20067
4,31001
4,31099
4,16083
4,25011
4,38003
4,46093
4,46035
4,50015
4,46135
4,41001
4,23015
4,17161
4,36117
4,16081
4,26091
4,22017
4,19109
4,6109
4,34039
4,21185
4,49039
4,38071
4,56013
4,53035
4,56003
4,56017
4,32023
4,31087
4,41025
4,16011
4,8063
4,33005
4,36071
4,20137
4,17179
4,37031
4,56007
4,38067
4,56021
4,31179
4,2150
4,42077
4,23013
4,36013
4,31143
4,31177
4,56045
4,13247
4,12127
4,27055
4,12035
4,19189
4,18081
4,49057
4,51775
4,39035
4,31069
4,53011
4,26139
4,12031
4,29051
4,6035
4,31119
4,26021
4,30077
4,56009
4,17089
4,16023
4,36045
4,31141
4,8027
4,24041
4,27013
4,34007
4,38101
4,31029
4,31167
4,40053
4,56031
4,31127
4,26045
4,36051
4,19069
4,49051
4,19013
4,48245
4,39103
4,55131
4,6009
4,31081
4,40071
4,48441
4,26155
4,24025
4,8095
4,30055
4,31171
4,34015
4,24013
4,31045
4,27139
4,17201
4,8077
4,25003
4,45015
4,34041
4,20113
4,19081
4,45035
4,19033
4,38093
4,48367
4,26099
4,19195
4,47125
4,29031
4,20025
4,42017
4,47093
4,49041
4,36021
4,32017
4,12097
4,6043
4,27009
4,1045
4,6027
4,13127
4,20157
4,49029
4,27077
4,49033
4,42003
4,20015
4,55127
4,24017
4,48221
4,46033
4,53053
4,21093
4,36103
4,39133
4,41047
4,41059
4,25027
4,37125
4,20111
4,25023
4,19083
4,16039
4,26121
4,27161
4,51179
4,1073
4,20169
4,56011
4,56043
4,17109
4,53043
4,51700
4,49009
4,12113
4,20125
4,31149
4,53073
4,37133
4,8001
4,12071
4,20101
4,53065
4,18163
4,30083
4,36099
4,26017
4,31185
4,16007
4,27041
4,26103
4,49045
4,2100
4,20159
4,16025
4,17093
4,46005
4,16033
4,17147
4,19059
4,31161
4,51043
4,2170
4,30101
4,37051
4,19127
4,41037
4,49023
4,30075
4,48027
4,56041
4,12011
4,36113
4,46013
4,32013
4,6095
4,53009
4,27007
4,8079
4,20037
4,38061
4,39153
4,30067
4,17159
4,16015
4,42045
4,41015
4,18097
4,26081
4,20083
4,29169
4,39113
4,20071
4,6065
4,55063
4,23031
4,20105
4,40017
4,17001
4,49031
4,9009
4,27035
4,8123
4,6089
4,55033
4,35035
4,8015
4,40145
4,30111
4,45051
4,35043
4,46103
4,17067
4,38089
4,13063
4,16029
4,41011
4,20057
4,20173
4,29001
4,26075
4,12005
4,36107
4,20053
4,41009
4,20047
4,38009
4,12057
4,19087
4,21117
4,33003
4,16055
4,20181
4,51650
4,55029
4,46015
4,20177
4,39063
4,36031
4,51177
4,55101
4,48259
4,48167
4,32510
4,6045
4,50021
4,31033
4,20179
4,16085
4,31113
4,36019
4,55085
4,49019
4,31159
4,40003
4,16005
4,2240
4,16069
4,26073
4,41035
4,20009
4,17111
4,24037
4,2261
4,53037
4,20199
4,33017
4,27057
4,6063
4,30013
4,17143
4,23019
4,18003
4,41061
4,36029
4,53045
4,28059
4,6007
4,20039
4,18005
4,32005
4,19151
4,28047
4,40139
4,20001
4,46083
4,36011
4,27147
4,36023
4,50023
4,37129
4,26039
4,29183
4,53057
4,41057
4,22103
4,37055
4,53071
4,8065
4,31049
4,47157
4,15009
4,40007
4,8045
4,53031
4,20095
4,36053
4,12085
4,12087
4,13053
4,18167
4,27027
4,17115
4,30043
4,16049
4,27141
4,26115
4,8073
4,30095
4,48359
4,19197
4,48065
4,46047
4,20029
4,41065
4,56023
4,36093
4,13153
4,31005
4,41055
4,53051
4,26093
4,55079
4,46117
4,20097
4,17103
4,41029
4,28121
4,31007
4,26029
4,12015
4,36015
4,46099
4,16051
4,41043
4,37089
4,8057
4,4003
4,12009
4,12103
4,26061
4,50025
4,27039
4,5007
4,48205
4,36069
4,16037
4,29037
4,19015
4,39095
4,49015
4,30047
4,12115
4,8075
4,48019
4,30051
4,20011
4,30105
4,17197
4,30103
4,2280
4,50027
4,2231
4,56035
4,54069
4,20081
4,29101
4,19063
4,35009
4,48265
4,51570
4,22089
4,40039
4,42041
4,50003
4,26145
4,53007
4,20143
4,36065
4,49055
4,46063
4,41031
4,36007
4,12061
4,15001
4,30069
4,20145
4,15007
4,36063
4,31157
4,19049
4,31111
4,27145
4,29047
4,16059
4,32011
4,30041
4,30081
4,36077
4,36085
4,8081
4,41053
4,6091
4,32033
4,53015
4,26019
4,45019
4,53017
4,8101
4,18173
4,34009
4,56005
4,41063
4,19113
4,27003
4,27137
4,12081
4,24021
4,53069
4,44003
4,21073
4,39173
4,32029
4,23023
4,16043
4,36037
4,2130
4,56025
4,50001
4,39009
4,53027
4,55125
4,53061
4,20153
4,31083
4,31117
4,6105
4,27067
4,32001
4,20007
4,53029
4,49003
4,8083
4,20061
4,26087
4,26037
4,56027
4,18063
4,21015
4,30073
4,20023
4,55035
4,48039
4,56033
4,6005
4,38033
4,49025
4,36003
4,23011
4,55097
4,8039
4,20093
4,31165
4,41049
4,49007
4,13051
4,17119
4,38011
4,20155
4,30021
4,53041
4,40131
4,20051
4,13057
4,50017
4,16071
4,26107
4,39061
4,16061
4,41041
4,46081
4,38075
4,39085
4,25013
4,48339
4,16041
4,21239
4,4025
4,2016
4,30091
4,26025
4,30009
4,26137
4,46079
4,29077
4,40031
4,19041
4,55139
4,38105
4,30019
4,48423
4,56029
4,30071
4,41007
4,26049
4,40047
4,48011
4,31085
4,55009
4,49047
4,38077
4,30099
4,23007
4,27061
4,20135
4,48295
4,19181
4,32007
4,19187
4,8007
4,51550
4,17203
4,26055
4,20119
4,31025
4,41033
5,19103
5,34019
5,42029
5,53005
5,6003
5,8093
5,12117
5,8107
5,8013
5,6075
5,51510
5,51087
5,18157
5,53075
5,1117
5,19169
5,13059
5,22061
5,51153
5,54061
5,48381
5,48201
5,49035
5,42027
5,42091
5,17037
5,16065
5,13067
5,25017
5,48491
5,9007
5,36119
5,25025
5,37081
5,36109
5,12109
5,9013
5,28071
5,6097
5,35049
5,6051
5,35028
5,26089
5,11001
5,41003
5,8053
5,47037
5,26065
5,29019
5,25021
5,36091
5,6057
5,45013
5,17113
5,13219
5,36079
5,28089
5,30049
5,40143
5,53067
5,13073
5,16019
5,6083
5,8041
5,36061
5,23005
5,1089
5,8019
5,24005
5,36001
5,17043
5,36055
5,21067
5,25015
5,25007
5,8117
5,37119
5,13135
5,29165
5,55089
5,34035
5,28105
5,31153
5,51660
5,51107
5,36059
5,48121
5,40027
5,9001
5,38017
5,1081
5,51610
5,18057
5,24003
5,12001
5,48397
5,51013
5,27163
5,6079
5,8113
5,51199
5,4019
5,27123
5,30063
5,39057
5,2220
5,29189
5,44009
5,51735
5,9005
5,48113
5,2060
5,51810
5,31109
5,33011
5,16057
5,39049
5,25001
5,34023
5,46027
5,41067
5,6085
5,38035
5,48269
5,48043
5,12091
5,18105
5,38015
5,34003
5,51121
5,51830
5,8047
5,4013
5,51683
5,26111
5,40147
5,6017
5,49043
5,37063
5,49049
5,34021
5,16013
5,33009
5,8111
5,55133
5,51161
5,27109
5,26077
5,6061
5,48303
5,8049
5,17097
5,45079
5,48157
5,6067
5,6081
5,44001
5,48209
5,26161
5,8031
5,51750
5,53055
5,8067
5,51600
5,33015
5,8037
5,24031
5,51059
5,47187
5,25019
5,31019
5,41039
5,40109
5,51095
5,34037
5,39055
5,37189
5,20091
5,12073
5,40119
5,8005
5,26125
5,24027
5,37183
5,8035
5,17077
5,24033
5,9003
5,53033
5,37067
5,8091
5,48041
5,19153
5,8003
5,50007
5,34027
5,8097
5,6073
5,35001
5,6113
5,55025
5,41051
5,2020
5,56001
5,22033
5,48439
5,48085
5,15003
5,51003
5,51540
5,13089
5,6013
5,5119
5,8059
5,8119
5,49021
5,19101
5,49005
5,36067
5,48329
5,2110
5,6055
5,6053
5,39041
5,4005
5,40151
5,51678
5,53063
5,1101
5,27053
5,49011
5,6041
5,10003
5,8069
5,36087
5,44005
5,51041
5,20161
5,6001
5,27037
5,6087
5,31055
5,13113
5,20103
5,20045
5,56039
5,30031
5,28049
5,2090
5,13121
5,17019
5,48453
5,6111
5,34025
5,37135
5,41005
5,36027
5,25009
5,46011
5,16001
5,6059
5,8051
5,46065
5,33013
